General,General
i95dev_gen_003,"Something Went Wrong,Please check logs"
i95dev_gen_004,AX Sync
i95dev_gen_005,AX Status
i95dev_gen_006,Please check AX Connection
i95dev_gen_007,I95DevConnect
i95dev_gen_008,Origin
i95dev_gen_009,Please check AX Connection
i95dev_gen_010,"Something Went Wrong , Try Again"
i95dev_gen_011,I95Dev Magento to AX Error Report
i95dev_gen_012,Manual Sync
i95dev_gen_013,i95Dev Sync Failed Records Report From Magento to AX
Customer,Customer
i95dev_cust_001,AX Customer ID
i95dev_cust_002,AX Customer Information
i95dev_cust_003,AX Customer ID is Required
i95dev_cust_004,Email ID is Required
i95dev_cust_005,First Name is Required
i95dev_cust_006,Last Name is Required
i95dev_cust_007,Invalid customer data received
i95dev_cust_008,Invalid email address
Address,Address
i95dev_addr_001,AX Address ID is Required
i95dev_addr_002,First Name is Required
i95dev_addr_003,Last Name is Required
i95dev_addr_004,Country ID is Required
i95dev_addr_005,Region ID is Required
i95dev_addr_006,City is Required
i95dev_addr_007,Street is Required
i95dev_addr_008,Postal Code is Required
i95dev_addr_009,Telephone is Required
i95dev_addr_010,Invalid Address data received
i95dev_addr_011,Invalid Country Id
i95dev_addr_012,Invalid State
i95dev_addr_013,AX Address ID
Order,Order
i95dev_order_001,AX Customer ID is Required
i95dev_order_002,Billing Address ID is Required
i95dev_order_003,Shipping Address ID is Required
i95dev_order_004,Shipping Method is Required
i95dev_order_005,PO Number is Required
i95dev_order_006,Payment Method is Not Supoorted Type
i95dev_order_007,Payment Method is Required Field
i95dev_order_008,SKU missing at one of the order item
i95dev_order_009,Qty missing at one of the order item
i95dev_order_010,Order Items Required
i95dev_order_011,Invalid Order data received
i95dev_order_012,Credit Card Number is Required
i95dev_order_013,Expiry Month is Required
i95dev_order_014,Expiry Year is Required
i95dev_order_015,Order already Exist
i95dev_order_016,AX Order ID
i95dev_order_017,AX Order Status
i95dev_order_018,Order Item SKU not exist
i95dev_order_019,Customer billing address does't exist
i95dev_order_020,Customer shipping address does't exist
i95dev_order_021,Shipping Method is not enabled
i95dev_order_022,Payment Method is not enabled
i95dev_order_023,Order not created as customer ID does't exist
i95dev_order_024,This order has been created from ERP
i95dev_order_025,AX Order Information
i95dev_order_026,Order submitted offline. Please click to Sync with AX
i95dev_order_027,Order item is Out of stock or Disable
Invoice,Invoice
i95dev_inv_001,AX Order ID is Required
i95dev_inv_002,Invalid Invoice Data Received
i95dev_inv_003,AX Invoice ID
i95dev_inv_004,Order Not exist
Shipment,Shipment
Target Customer ID,AX Customer ID
Target Customer ID:,AX Customer ID:
Target ID,AX ID
Target Information,AX Information
Target Invoice ID,AX Invoice ID
Target Order ID,AX Order ID
Target Order Status,AX Order Status
Target Shipment ID,AX Shipment ID
Target Status,AX Status
Target Status:,AX Status:
i95dev_ship_001,AX Order ID is Required
i95dev_ship_002,Invalid Shipment Data Received
i95dev_ship_003,AX Shipment ID
i95dev_ship_004,Order Not exist
Customer Group,Customer Group
i95dev_custgrp_001,Customer Group ID is Required
i95dev_custgrp_002,Invalid Customer Data Recieved
i95dev_custgrp_003,AX Customer Group ID
i95dev_custgrp_004,Price Level Not Exits
Product,Product
i95dev_prod_001,Name is Required
i95dev_prod_002,Description is Required
i95dev_prod_003,Short Description is Required
i95dev_prod_004,Weight is Required
i95dev_prod_005,SKU is Required
i95dev_prod_006,Invalid Product data received
i95dev_prod_007,product type not exists
i95dev_prod_008,product attribute set not exists
i95dev_prod_009,product attribute set not valid
i95dev_prod_010,Click here to offline product sync
i95dev_prod_011,AX Product ID
i95dev_prod_012,AX Customer Group ID is Required
i95dev_prod_013,QTY is Required
i95dev_prod_014,Price is Required
i95dev_prod_015,Invalid Tier Price Data Recieved
i95dev_prod_016,Product Not Exist
i95dev_prod_017,Price Level
i95dev_mq_001,Message Queue
i95dev_mq_002,Message Queue Report
i95dev_mq_003,Message ID
i95dev_quote_orderid,Target Order Id should not Empty
i95dev_quote_order_already_sync,Order Already Sync
i95dev_quote_shipping_firstname," ""Shipping Address First Name should not Empty"""
i95dev_quote_shipping_lastname," ""Shipping Address Last Name should not Empty"""
i95dev_quote_shipping_street,Shipping Address Street should not Empty
i95dev_quote_shipping_city,Shipping Address City should not Empty
i95dev_quote_shipping_telephone,Shipping Address Phone No should not Empty
i95dev_quote_shipping_postcode,Shipping Address Postal should not Empty
i95dev_quote_shipping_region_valid,Shipping Address Invalid Region Code
i95dev_quote_shipping_countryid,Shipping Address Country Code should not Empty
i95dev_quote_items_count," ""Order Items count is 0"""
i95dev_quote_items_count," ""Order Items count is 0"""
i95dev_quote_shippingMethod,Shipping Method should not Empty
i95dev_quote_paymentMethod,Payment Method should not Empty
i95dev_quote_product_outofstock,Product is OutofStock
i95dev_quote_product_valid,Sku Not Exists
i95dev_quote_billing_address_count,Billing Address is Not Found
i95dev_quote_customer_count,Customer is Not Found
i95dev_quote_paymentMethod_valid,PaymentMethod is invalid
i95dev_quote_shippingMethod_valid,ShippingMethod is invalid
i95dev_invoice_targetOrderId,Target Order Id should not Empty
i95dev_invoice_validorderid,Target Order Id is Not Found
i95dev_invoice_alreadysync,Invoice Already Sync
i95dev_invoice_empty,Invoice Items count is 0
i95dev_invoice_fullyinvoiced,Order Fully Invoiced
i95dev_invoice_validdata,Invoice Data is in valid
i95dev_inovice_valid_item," ""Item not existing Current  Order"""
i95dev_shipment_order,Target Order Id should not Empty
i95dev_shipment_orderstatus,Target Order Status should not Empty
i95dev_shipment_data,Shipment Data should not Empty
i95dev_shipment_data_invalid,Shipment Data is Invalid
i95dev_shipment_order_valid,Shipment Data is Invalid
i95dev_shipment_order_invalid,Order is Not Exists
i95dev_shipment_order,Target Order Id should not Empty
i95dev_shipment_order_shipmentid,Target Shipment Id should not Empty
i95dev_shipment_data_item_invalid,Shipment Items Data is Invalid
Price Level '%1' does not exist,Price Group '%1' does not exist
%1 price level not exists,%1 price group not exists
"i95dev_order_028","The order items not exists"